Oligo Name,Sequence,,O_Oligo,N_Oligo,intraMFE (kcal/mol)
n0--B1-A2-zPS3,AGAAAGGAACAACTAAAGGAATTCAAAAAAATTGGGAGGA,,20800,3174026500,-4.109474182
n0--A2-A4-zPS3,AGGCTCCAGAGGCTTTGAGGACACGGGTAATTGGGAGGA,,20300,457312500,-3.959861755
n0--A4-A6-zPS3,AATACGTTTGAAAGAGGACAGACTGACCTTTTGGGAGGA,,20400,1698622200,-2.997880936
n0--A6-A8-zPS3,CATCAAGTAAAACGAACTAACGAGTTGAGATTGGGAGGA,,32500,385186700,-3.13839221
n0--A8-A10-zPS3,TTTAGGACAAATGCTTTAAACAATCAGGTCTTGGGAGGA,,22700,547692200,-2.349453211
n0--A10-A12-zPS3,TTTACCCCAACATGTTTTAAATTTCCATATTTGGGAGGA,,172800,809757000,-6.384840965
n0--A12-A14-zPS3,AACAGTTTTGTACCAAAAACATTTTATTTCTTGGGAGGA,,298600,14144854700,-4.933459282
n0--A14-A16-zPS3,AACGCAAAATCGATGAACGGTACCGGTTGATTGGGAGGA,,33800,1822058200,-4.13951683
n0--A16-A18-zPS3,TAATCAGCGGATTGACCGTAATCGTAACCGTTGGGAGGA,,32200,593453800,-7.034193039
n0--A18-A20-zPS3,TGCATCTTTCCCAGTCACGACGGCCTGCAGTTGGGAGGA,,144700,248694400,-6.228855133
n0--A20-A22-zPS3,GTCGACTTCGGCCAACGCGCGGGGTTTTTCTTGGGAGGA,,20200,295248600,-4.685385227
n0--A22-A24-zPS3,TTTTCACTCAAAGGGCGAAAAACCATCACCTTGGGAGGA,,160100,421696000,-5.87317276
n0--B3-B1-zPS3,ACGGCTACAAAAGGAGCCTTTAATGTGAGAATTTGGGAGGA,,156100,2926393500,-5.022955894
n0--B5-B3-zPS3,GACCAACTAATGCCACTACGAAGGGGGTAGCATTGGGAGGA,,153800,493142000,-5.690524101
n0--B7-B5-zPS3,TACGTTAAAGTAATCTTGACAAGAACCGAACTTTGGGAGGA,,258200,1444175200,-4.522696018
n0--B9-B7-zPS3,ATCCCCCTATACCACATTCAACTAGAAAAATCTTGGGAGGA,,27200,244971500,-3.991273165
n0--B11-B9-zPS3,CTGTAGCTTGACTATTATAGTCAGTTCATTGATTGGGAGGA,,12355300,1530060700,-5.622018814
n0--B13-B11-zPS3,TAAATCGGGATTCCCAATTCTGCGATATAATGTTGGGAGGA,,1280700,1.44125E+11,-6.67530632
n0--B15-B13-zPS3,AACAAGAGGGATAAAAATTTTTAGCATAAAGCTTGGGAGGA,,1293400,1.23478E+12,-4.46647501
n0--B17-B15-zPS3,ACAAACGGAAAAGCCCCAAAAACACTGGAGCATTGGGAGGA,,129600,2542494000,-5.428611755
n0--B19-B17-zPS3,CCAGGGTTGCCAGTTTGAGGGGACCCGTGGGATTGGGAGGA,,25100,402260700,-5.415425301
n0--B21-B19-zPS3,TTAATGAACTAGAGGATCCCCGGGTGGGTAACGTTGGGAGGA,,26900,344269800,-4.400817871
n0--B23-B21-zPS3,CTCCAACGCAGTGAGACGGGCAACCAGCTGCATTGGGAGGA,,46900,1795447900,-8.296069145
n0--A24-B23-zPS3,CAAATCAAGTTTTTTGGGGTCGAAACGTGGATTGGGAGGA,,49900,1802450200,-4.175183773
n0--D1-C2-zPS3,ACAACTTTCAACAGTTTCAGCGGATGTATCGGTTGGGAGGA,,44100,1684016500,-3.691451073
n0--C2-C4-zPS3,TTTATCAGGACAGCATCGGAACGACACCAACCTTGGGAGGA,,18600,259898300,-7.074521542
n0--C4-C6-zPS3,TAAAACGAGGTCAATCATAAGGGAACCGGATATTGGGAGGA,,18700,521302300,-3.312589169
n0--C6-C8-zPS3,TTCATTACGTCAGGACGTTGGGAAATGCAGATTTGGGAGGA,,151700,276872200,-7.067846775
n0--C8-C10-zPS3,ACATAACGGGAATCGTCATAAATAAAGCAAAGTTGGGAGGA,,6100,595440300,-4.118835926
n0--C10-C12-zPS3,CGGATTGCAGAGCTTAATTGCTGAAACGAGTATTGGGAGGA,,8300,370174000,-2.710712433
n0--C12-C14-zPS3,GATTTAGTCAATAAAGCCTCAGAGAACCCTCATTGGGAGGA,,57400,14151327700,-7.32305336
n0--C14-C16-zPS3,TATATTTTGTCATTGCCTGAGAGTGGAAGATTTTGGGAGGA,,5300,551720400,-1.326953411
n0--C16-C18-zPS3,GTATAAGCCAACCCGTCGGATTCTGACGACAGTTGGGAGGA,,154700,290364700,-9.980725288
n0--C18-C20-zPS3,TATCGGCCGCAAGGCGATTAAGTTTACCGAGCTTGGGAGGA,,45400,354999800,-8.346572876
n0--C20-C22-zPS3,TCGAATTCGGGAAACCTGTCGTGCAGCTGATTTTGGGAGGA,,24700,612690200,-4.617415428
n0--C22-C24-zPS3,GCCCTTCAGAGTCCACTATTAAAGGGTGCCGTTTGGGAGGA,,136100,12706264400,-8.102546692
n0--D3-D1-zPS3,CAGCGAAACTTGCTTTCGAGGTGTTGCTAATTGGGAGGA,,129800,555438800,-5.588270664
n0--D5-D3-zPS3,GCGCAGACAAGAGGCAAAAGAATCCCTCAGTTGGGAGGA,,42700,265169200,-5.502067089
n0--D7-D5-zPS3,TTATACCACCAAATCAACGTAACGAACGAGTTGGGAGGA,,35000,117246000,-7.215498447
n0--D9-D7-zPS3,AATACTGCCCAAAAGGAATTACGTGGCTCATTGGGAGGA,,133000,27761559200,-6.023900986
n0--D11-D9-zPS3,GATGGCTTATCAAAAAGATTAAGAGCGTCCTTGGGAGGA,,36400,1515779400,-5.35671854
n0--D13-D11-zPS3,AAATTAAGTTGACCATTAGATACTTTTGCGTTGGGAGGA,,21000,14055974600,-1.984818459
n0--D15-D13-zPS3,GCTATCAGAAATGCAATGCCTGAATTAGCATTGGGAGGA,,1391000,521798400,-8.934865952
n0--D17-D15-zPS3,GCGAGTAAAAATATTTAAATTGTTACAAAGTTGGGAGGA,,70400,14375949100,-4.074708939
n0--D19-D17-zPS3,GATGTGCTTCAGGAAGATCGCACAATGTGATTGGGAGGA,,166300,125596100,-6.780428886
n0--D21-D19-zPS3,TTCCAGTCGTAATCATGGTCATAAAAGGGGTTGGGAGGA,,8300,140743600,-2.019377947
n0--D23-D21-zPS3,TGGAACAACCGCCTGGCCCTGAGGCCCGCTTTGGGAGGA,,36700,204651300,-8.509870529
n0--C24-D23-zPS3,AAAGCACTAAATCGGAACCCTAATCCAGTTTTGGGAGGA,,16800,1627215500,-4.192269325
n0--F1-E2-zPS3,TAAATGAATTTTCTGTATGGGATTAATTTCTTTTGGGAGGA,,50900,13175880800,-2.815914154
n0--E2-E4-zPS3,AAACAGCTTTTTGCGGGATCGTCAACACTAAATTGGGAGGA,,12700,421627000,-3.995109081
n0--E4-E6-zPS3,ACACTCATCCATGTTACTTAGCCGAAAGCTGCTTGGGAGGA,,25700,240076400,-4.307445526
n0--E6-E8-zPS3,TCATTCAGATGCGATTTTAAGAACAGGCATAGTTGGGAGGA,,18700,1523738200,-3.318011522
n0--E8-E10-zPS3,TAAGAGCAAATGTTTAGACTGGATAGGAAGCCTTGGGAGGA,,10800,2765121700,-3.887861252
n0--E10-E12-zPS3,CGAAAGACTTTGATAAGAGGTCATATTTCGCATTGGGAGGA,,143400,13866620200,-5.119100571
n0--E12-E14-zPS3,AATGGTCAACAGGCAAGGCAAAGAGTAATGTGTTGGGAGGA,,129100,12525602800,-3.682605743
n0--E14-E16-zPS3,TAGGTAAACTATTTTTGAGAGATCAAACGTTATTGGGAGGA,,137800,1997718000,-5.85329771
n0--E16-E18-zPS3,ATATTTTGGCTTTCATCAACATTATCCAGCCATTGGGAGGA,,136000,1812485300,-3.90345192
n0--E18-E20-zPS3,GCTTTCCGATTACGCCAGCTGGCGGCTGTTTCTTGGGAGGA,,1256100,1.23533E+12,-7.464592457
n0--E20-E22-zPS3,CTGTGTGATTGCGTTGCGCTCACTAGAGTTGCTTGGGAGGA,,20400,236009600,-6.179864407
n0--E22-E24-zPS3,AGCAAGCGTAGGGTTGAGTGTTGTAGGGAGCCTTGGGAGGA,,19500,132297100,-7.296499729
n0--F3-F1-zPS3,AAGGCCGCTGATACCGATAGTTGCGACGTTAGTTGGGAGGA,,4400,745479400,-4.2568717
n0--F5-F3-zPS3,GACCTGCTCTTTGACCCCCAGCGAGGGAGTTATTGGGAGGA,,28900,324245200,-5.767602921
n0--F7-F5-zPS3,ATTACCTTTGAATAAGGCTTGCCCAAATCCGCTTGGGAGGA,,162500,842466300,-9.567459106
n0--F9-F7-zPS3,AATAGTAAACACTATCATAACCCTCATTGTGATTGGGAGGA,,159500,439386200,-6.442792892
n0--F11-F9-zPS3,TTGCTCCTTTCAAATATCGCGTTTGAGGGGGTTTGGGAGGA,,167000,1.2351E+12,-4.624835014
n0--F13-F11-zPS3,TAAATCATATAACCTGTTTAGCTAACCTTTAATTGGGAGGA,,51400,2170467400,-2.890538692
n0--F15-F13-zPS3,GAGGGTAGGATTCAAAAGGGTGAGACATCCAATTGGGAGGA,,32900,969950100,-4.220294952
n0--F17-F15-zPS3,TGTAGCCATTAAAATTCGCATTAAATGCCGGATTGGGAGGA,,158400,3324773600,-5.488192558
n0--F19-F17-zPS3,TCTTCGCTGCACCGCTTCTGGTGCGGCCTTCCTTGGGAGGA,,154700,1876642800,-10.12870216
n0--F21-F19-zPS3,CACATTAAAATTGTTATCCGCTCATGCGGGCCTTGGGAGGA,,24900,15360943800,-9.183834076
n0--F23-F21-zPS3,GCCCGAGAGTCCACGCTGGTTTGCAGCTAACTTTGGGAGGA,,23900,168634600,-7.391413689
n0--E24-F23-zPS3,CCCGATTTAGAGCTTGACGGGGAAAAAGAATATTGGGAGGA,,24100,3976418100,-4.188801765
n0--H1-G2-zPS3,TCTAAAGTTTTGTCGTCTTTCCAGCCGACAATTGGGAGGA,,1258000,26407814100,-6.061357498
n0--G2-G4-zPS3,TGACAACTCGCTGAGGCTTGCATTATACCATTGGGAGGA,,8600,1510558000,-3.928681135
n0--G4-G6-zPS3,AGCGCGATGATAAATTGTGTCGTGACGAGATTGGGAGGA,,17700,440706600,-2.078590155
n0--G6-G8-zPS3,AACACCAAATTTCAACTTTAATCGTTTACCTTGGGAGGA,,26600,669426200,-3.281665802
n0--G8-G10-zPS3,AGACGACAAAGAAGTTTTGCCATAATTCGATTGGGAGGA,,21900,12753348300,-5.535589218
n0--G10-G12-zPS3,GCTTCAATCAGGATTAGAGAGTTATTTTCATTGGGAGGA,,28700,15489096700,-1.557377338
n0--G12-G14-zPS3,TTTGGGGATAGTAGTAGCATTAAAAGGCCGTTGGGAGGA,,4900,405589200,-1.771473646
n0--G14-G16-zPS3,GAGACAGCTAGCTGATAAATTAATTTTTGTTTGGGAGGA,,255000,1.25986E+12,-4.975739002
n0--G16-G18-zPS3,TAAATCAAAATAATTCGCGTCTCGGAAACCTTGGGAGGA,,10300,12779914500,-5.497371197
n0--G18-G20-zPS3,AGGCAAAGGGAAGGGCGATCGGCAATTCCATTGGGAGGA,,32500,370890300,-7.652481079
n0--G20-G22-zPS3,CACAACAGGTGCCTAATGAGTGCCCAGCAGTTGGGAGGA,,34800,87881600,-8.051809311
n0--G22-G24-zPS3,GCGAAAAATCCCTTATAAATCAAGCCGGCGTTGGGAGGA,,22500,1516594700,-3.037121058
n0--J1-H1-zPS3,TCCACAGACAGCCCTCATAGTTAGCGTAACGATTGGGAGGA,,33000,349636000,-6.055689812
n0--I2-H3-zPS3,TTAGGATTGGCTGAGACTCCTCAATAACCGATTTGGGAGGA,,179600,695061500,-5.47393322
n0--I4-H5-zPS3,TTGACAGGCCACCACCAGAGCCGCGATTTGTATTGGGAGGA,,8600,137662900,-3.42580986
n0--I6-H7-zPS3,GCAAGGCCTCACCAGTAGCACCATGGGCTTGATTGGGAGGA,,38500,13876670100,-7.762114525
n0--I8-H9-zPS3,TTATTACGAAGAACTGGCATGATTGCGAGAGGTTGGGAGGA,,4400,298165600,-5.973745346
n0--I10-H11-zPS3,AGAGAGAAAAAAATGAAAATAGCAAGCAAACTTTGGGAGGA,,24600,16319029600,-2.163006783
n0--I12-H13-zPS3,CCAATAGCTCATCGTAGGAATCATGGCATCAATTGGGAGGA,,134000,300935200,-3.400101423
n0--I14-H15-zPS3,GTAATAAGTTAGGCAGAGGCATTTATGATATTTTGGGAGGA,,33700,1025807800,-2.114018679
n0--I16-H17-zPS3,ATCGCAAGTATGTAAATGCTGATGATAGGAACTTGGGAGGA,,130600,269696300,-6.85213995
n0--I18-H19-zPS3,AGAAAACAAAGAAGATGATGAAACAGGCTGCGTTGGGAGGA,,6500,2778419200,-3.761617422
n0--I20-H21-zPS3,GCAATTCACATATTCCTGATTATCAAAGTGTATTGGGAGGA,,50800,12807917900,-4.573719978
n0--I22-H23-zPS3,TCAATATCGAACCTCAAATATCAATTCCGAAATTGGGAGGA,,174100,738823200,-6.540177822
n0--H3-I2-zPS3,ATATTCGGAACCATCGCCCACGCAGAGAAGGATTGGGAGGA,,20400,1353029000,-4.776796818
n0--H5-I4-zPS3,TCATCGCCAACAAAGTACAACGGACGCCAGCATTGGGAGGA,,18500,361985700,-4.413167953
n0--H7-I6-zPS3,GATGGTTTGAACGAGTAGTAAATTTACCATTATTGGGAGGA,,257300,12786223400,-3.858072758
n0--H9-I8-zPS3,CTTTTGCAGATAAAAACCAAAATAAAGACTCCTTGGGAGGA,,207100,782536600,-6.583841801
n0--H11-I10-zPS3,CCAACAGGAGCGAACCAGACCGGAGCCTTTACTTGGGAGGA,,19100,336729400,-4.34540081
n0--H13-I12-zPS3,TTCTACTACGCGAGCTGAAAAGGTTACCGCGCTTGGGAGGA,,21700,1506506700,-8.498004913
n0--H15-I14-zPS3,CAACCGTTTCAAATCACCATCAATTCGAGCCATTGGGAGGA,,25200,1521675100,-2.565456152
n0--H17-I16-zPS3,GCCATCAAGCTCATTTTTTAACCACAAATCCATTGGGAGGA,,29400,1677604500,-3.507923841
n0--H19-I18-zPS3,CAACTGTTGCGCCATTCGCCATTCAAACATCATTGGGAGGA,,35500,3237666800,-5.899250984
n0--H21-I20-zPS3,AAGCCTGGTACGAGCCGGAAGCATAGATGATGTTGGGAGGA,,6100,348152600,-4.055756569
n0--H23-I22-zPS3,TCGGCAAATCCTGTTTGATGGTGGACCCTCAATTGGGAGGA,,61600,2915924200,-8.001875877
n0--G24-I24-zPS3,AACGTGGCGAGAAAGGAAGGGAAACCAGTAATTGGGAGGA,,4100,468965800,-4.677491665
n0--J3-J1-zPS3,TATTAAGAAGCGGGGTTTTGCTCGTAGCATTTGGGAGGA,,16900,533423500,-2.927798986
n0--J5-J3-zPS3,CACCAGAAAGGTTGAGGCAGGTCATGAAAGTTGGGAGGA,,8400,1632144700,-4.470210552
n0--J7-J5-zPS3,CAGCAAAAGGAAACGTCACCAATGAGCCGCTTGGGAGGA,,20600,12838247500,-3.983317614
n0--J9-J7-zPS3,ATACCCAACAGTATGTTAGCAAATTAGAGCTTGGGAGGA,,153000,347278600,-8.491143227
n0--J11-J9-zPS3,TTAACGTCTAACATAAAAACAGGTAACGGATTGGGAGGA,,7700,544744600,-1.98871851
n0--J13-J11-zPS3,TTTTATTTAAGCAAATCAGATATTTTTTGTTTGGGAGGA,,60200,2020255800,-2.934666634
n0--J15-J13-zPS3,CATGTAATAGAATATAAAGTACCAAGCCGTTTGGGAGGA,,18900,136903900,-5.230552673
n0--J17-J15-zPS3,TATAACTAACAAAGAACGCGAGAACGCCAATTGGGAGGA,,16300,681058100,-5.291599274
n0--J19-J17-zPS3,CTGAGCAAAAATTAATTACATTTTGGGTTATTGGGAGGA,,271300,1.23672E+12,-3.959965467
n0--J21-J19-zPS3,ATTATCATTCAATATAATCCTGACAATTACTTGGGAGGA,,164900,1556971500,-6.416647911
n0--J23-J21-zPS3,ACCTTGCTTGGTCAGTTGGCAAAGAGCGGATTGGGAGGA,,23900,649118400,-3.30613637
n0--I24-J23-zPS3,TAAAAGGGACATTCTGGCCAACAAAGCATCTTGGGAGGA,,20000,95437500,-4.498151779
n0--L1-K2-zPS3,TCACCAGTACAAACTACAACGCCTAGTACCAGTTGGGAGGA,,60100,143248300,-4.978857994
n0--K2-K4-zPS3,GCGGATAACCTATTATTCTGAAACAGACGATTTTGGGAGGA,,33100,14162684400,-4.887937069
n0--K4-K6-zPS3,GGCCTTGAAGAGCCACCACCCTCAGAAACCATTTGGGAGGA,,27500,268901900,-7.386038303
n0--K6-K8-zPS3,CGATAGCATTGAGCCATTTGGGAACGTAGAAATTGGGAGGA,,18300,373067300,-2.918726444
n0--K8-K10-zPS3,ATACATACCGAGGAAACGCAATAAGAAGCGCATTGGGAGGA,,15700,387433400,-4.379858017
n0--K10-K12-zPS3,TTAGACGGCCAAATAAGAAACGATAGAAGGCTTTGGGAGGA,,131500,193927800,-3.99366188
n0--K12-K14-zPS3,TATCCGGTCTCATCGAGAACAAGCGACAAAAGTTGGGAGGA,,24400,642142800,-5.102076054
n0--K14-K16-zPS3,GTAAAGTAATCGCCATATTTAACAAAACTTTTTTGGGAGGA,,299100,13220353500,-4.669796944
n0--K16-K18-zPS3,TCAAATATAACCTCCGGCTTAGGTAACAATTTTTGGGAGGA,,169600,25302184600,-5.77905798
n0--K18-K20-zPS3,CATTTGAAGGCGAATTATTCATTTTTGTTTGGTTGGGAGGA,,30000,14343662700,-1.413628101
n0--K20-K22-zPS3,ATTATACTAAGAAACCACCAGAAGTCAACAGTTTGGGAGGA,,23600,1466244300,-3.618072033
n0--K22-K24-zPS3,TGAAAGGAGCAAATGAAAAATCTAGAGATAGATTGGGAGGA,,1252200,1.23488E+12,-6.052107334
n0--L3-L1-zPS3,TTTCGGAAGTGCCGTCGAGAGGGTGAGTTTCGTTGGGAGGA,,8500,355276800,-5.206908226
n0--L5-L3-zPS3,CCACCCTCTATTCACAAACAAATACCTGCCTATTGGGAGGA,,46500,874516900,-6.543963432
n0--L7-L5-zPS3,TCACCGACGCACCGTAATCAGTAGCAGAACCGTTGGGAGGA,,7300,70140100,-4.230561256
n0--L9-L7-zPS3,AAGGAAACATAAAGGTGGCAACATTATCACCGTTGGGAGGA,,40900,1353617500,-5.985713005
n0--L11-L9-zPS3,ATCCCAATGAGAATTAACTGAACAGTTACCAGTTGGGAGGA,,2600900,46227100500,-8.984910965
n0--L13-L11-zPS3,GTACCGCAATTCTAAGAACGCGAGTATTATTTTTGGGAGGA,,22600,491583600,-4.81117487
n0--L15-L13-zPS3,AATTGAGAATTCTGTCCAGACGACTAAACCAATTGGGAGGA,,193100,2059067000,-4.948542595
n0--L17-L15-zPS3,ACCTTTTTATTTTAGTTAATTTCATAGGGCTTTTGGGAGGA,,9700,2280687800,-0.997735023
n0--L19-L17-zPS3,CGCGCAGATTACCTTTTTTAATGGGAGAGACTTTGGGAGGA,,15700,1648321600,-3.431253433
n0--L21-L19-zPS3,GCGGAACATCTGAATAATGGAAGGTACAAAATTTGGGAGGA,,19600,3127277400,-2.921122551
n0--L23-L21-zPS3,AGCCAGCAATTGAGGAAGGTTATCATCATTTTTTGGGAGGA,,10200,4677080300,-4.977179527
n0--K24-L23-zPS3,ACCCTTCTGACCTGAAAGCGTAAGACGCTGAGTTGGGAGGA,,134500,252240000,-8.921011925
n0--N1-M2-zPS3,AGGAACCCATGTACCGTAACACTTGATATAATTGGGAGGA,,18600,1490916100,-5.28510952
n0--M2-M4-zPS3,GTATAGCAAACAGTTAATGCCCAATCCTCATTGGGAGGA,,1377400,14982143300,-8.085375786
n0--M4-M6-zPS3,TTAAAGCCAGAGCCGCCACCCTCGACAGAATTGGGAGGA,,19800,1.24967E+11,-6.723869801
n0--M6-M8-zPS3,TCAAGTTTCATTAAAGGTGAATATAAAAGATTGGGAGGA,,24900,3226778900,-1.728120565
n0--M8-M10-zPS3,AACGCAAAGATAGCCGAACAAACCCTGAACTTGGGAGGA,,7800,379597900,-4.76074028
n0--M10-M12-zPS3,AAAGTCACAAAATAAACAGCCAGCGTTTTATTGGGAGGA,,1268400,1879874500,-3.40469861
n0--M12-M14-zPS3,GCGAACCTCCAAGAACGGGTATGACAATAATTGGGAGGA,,153400,468231400,-5.361791611
n0--M14-M16-zPS3,ACAACATGCCAACGCTCAACAGTCTTCTGATTGGGAGGA,,21500,394252800,-4.787007809
n0--M16-M18-zPS3,CCTAAATCAAAATCATAGGTCTAAACAGTATTGGGAGGA,,22000,1650109800,-3.141826391
n0--M18-M20-zPS3,CATAAATCTTTGAATACCAAGTGTTAGAACTTGGGAGGA,,1244900,1464265400,-7.751282692
n0--M20-M22-zPS3,CTACCATAGTTTGAGTAACATTTAAAATATTTGGGAGGA,,39400,1033860500,-3.87245822
n0--M22-M24-zPS3,CTTTAGGGCCTGCAACAGTGCCAATACGTGTTGGGAGGA,,144400,279542100,-7.107982635
n0--N3-N1-zPS3,GCCCGTATCCGGAATAGGTGTATCAGCCCAATTTGGGAGGA,,136000,1030617100,-8.252940178
n0--N5-N3-zPS3,GCCTCCCTCAGAATGGAAAGCGCAGTAACAGTTTGGGAGGA,,1254900,460294900,-7.645190239
n0--N7-N5-zPS3,GAAATTATTGCCTTTAGCGTCAGACCGGAACCTTGGGAGGA,,9600,435338000,-4.902431965
n0--N9-N7-zPS3,AAGTAAGCAGACACCACGGAATAATATTGACGTTGGGAGGA,,18300,301085300,-3.997990131
n0--N11-N9-zPS3,GCCAGTTAGAGGGTAATTGAGCGCTTTAAGAATTGGGAGGA,,21500,12681757000,-2.385752678
n0--N13-N11-zPS3,CTTATCATTCCCGACTTGCGGGAGCCTAATTTTTGGGAGGA,,143400,1589087700,-8.451610565
n0--N15-N13-zPS3,AGTATAAAGTTCAGCTAATGCAGATGTCTTTCTTGGGAGGA,,19900,329477000,-6.081841946
n0--N17-N15-zPS3,GAATTTATTTAATGGTTTGAAATATTCTTACCTTGGGAGGA,,164300,3344209300,-5.143674374
n0--N19-N17-zPS3,CCTGATTGCAATATATGTGAGTGATCAATAGTTTGGGAGGA,,48700,709158300,-4.600776196
n0--N21-N19-zPS3,ATTTTAAAATCAAAATTATTTGCACGGATTCGTTGGGAGGA,,311100,12946401900,-7.60920763
n0--N23-N21-zPS3,TTAACACCAGCACTAACAACTAATCGTTATTATTGGGAGGA,,49700,1533647400,-3.564091682
n0--M24-N23-zPS3,GCACAGACAATATTTTTGAATGGGGTCAGTATTGGGAGGA,,132700,4196300800,-3.567753315
n0--P1-O2-zPS3,CCACCCTCATTTTCAGGGATAGCAACCGTACTTTGGGAGGA,,31600,309588200,-5.405532837
n0--O2-O4-zPS3,CAGGAGGTGGGGTCAGTGCCTTGAGTCTCTGATTGGGAGGA,,24800,218338400,-3.290449142
n0--O4-O6-zPS3,ATTTACCGGGAACCAGAGCCACCACTGTAGCGTTGGGAGGA,,10400,204040300,-5.940463066
n0--O6-O8-zPS3,CGTTTTCAAGGGAGGGAAGGTAAAGTTTATTTTTGGGAGGA,,23200,1916419300,-1.467671871
n0--O8-O10-zPS3,TGTCACAATCTTACCGAAGCCCTTTAATATCATTGGGAGGA,,24100,13978951100,-4.618999481
n0--O10-O12-zPS3,GAGAGATAGAGCGTCTTTCCAGAGGTTTTGAATTGGGAGGA,,11600,4101520700,-2.33885932
n0--O12-O14-zPS3,GCCTTAAACCAATCAATAATCGGCACGCGCCTTTGGGAGGA,,23900,1807604900,-6.098148823
n0--O14-O16-zPS3,GTTTATCAATATGCGTTATACAAACCGACCGTTTGGGAGGA,,146200,163134100,-5.337057114
n0--O16-O18-zPS3,GTGATAAAAAGACGCTGAGAAGAGATAACCTTTTGGGAGGA,,142500,5248534900,-5.347257137
n0--O18-O20-zPS3,GCTTCTGTTCGGGAGAAACAATAACGTAAAACTTGGGAGGA,,32500,1546761200,-4.038873672
n0--O20-O22-zPS3,AGAAATAAAAATCCTTTGCCCGAAAGATTAGATTGGGAGGA,,62800,14101207900,-3.517658472
n0--O22-O24-zPS3,GCCGTCAAAAAACAGAGGTGAGGCCTATTAGTTTGGGAGGA,,36300,12659142700,-4.67361927
n0--P3-P1-zPS3,GTTTTAACTTAGTACCGCCACCCAGAGCCATTGGGAGGA,,20700,215181200,-6.230295181
n0--P5-P3-zPS3,AAATCACCTTCCAGTAAGCGTCAGTAATAATTGGGAGGA,,10800,418646000,-3.591107845
n0--P7-P5-zPS3,ACCGATTGTCGGCATTTTCGGTCATAATCATTGGGAGGA,,153300,2714476600,-5.863406181
n0--P9-P7-zPS3,AATAGCTATCAATAGAAAATTCAACATTCATTGGGAGGA,,51200,13854488100,-3.221674204
n0--P11-P9-zPS3,ACGCTAACACCCACAAGAATTGAAAATAGCTTGGGAGGA,,41300,445097700,-6.311833382
n0--P13-P11-zPS3,TGTAGAAATCAAGATTAGTTGCTCTTACCATTGGGAGGA,,35500,4073298700,-3.335990906
n0--P15-P13-zPS3,TTAGTATCACAATAGATAAGTCCACGAGCATTGGGAGGA,,32500,328565900,-3.176766872
n0--P17-P15-zPS3,CTTAGATTTAAGGCGTTAAATAAAGCCTGTTTGGGAGGA,,1282000,4197917000,-7.619052887
n0--P19-P17-zPS3,CTTTTACAAAATCGTCGCTATTAGCGATAGTTGGGAGGA,,1278300,12502758300,-5.723849297
n0--P21-P19-zPS3,CTCGTATTAGAAATTGCGTAGATACAGTACTTGGGAGGA,,23000,95312400,-2.677702427
n0--P23-P21-zPS3,CAGAAGATTAGATAATACATTTGTCGACAATTGGGAGGA,,144900,12813278700,-3.985163212
n0--O24-P23-zPS3,CTTTAATGCGCGAACTGATAGCCCCACCAGTTGGGAGGA,,140800,1746803200,-6.088963509
